zoran.sprlje;Zoran Šprlje;1;0;0;1024000
zlatko.vuckovic;Zlatko Vučković;1;0;0;512000
drazen.bulum;Dražen Bulum;1;0;0;512000
tihana.matic;Tihana Matić;1;0;0;512000
zeljana.pavlovic; Željana Pavlović;1;0;0;512000
mile.vidovic;Mile Vidović;1;0;0;512000
djuro.koncul;Đuro Koncul;1;0;0;512000
antonia.carapina;Antonija Čarapina;1;0;0;512000
miodrag.stankovic;Miodrag Stanković;1;0;0;512000
racunovodstvo;Filip d.o.o. računovodstvo 1;0;0;512000
nabava;Filip d.o.o. nabava;1;0;0;2048000
mihovil.matic;Mihovil Matić;1;0;0;512000
filip.sprlje;Filip Šprlje;1;0;0;512000
zeljko.sutalo;Željko Šutalo;1;0;0;512000
luka.ivankovic; Luka Ivanković;1;0;0;512000
